{"initial_reset_timestamp": 1578387662.9340923, "timestamps": [1578387664.8475406], "episode_lengths": [56], "episode_rewards": [56.0], "episode_types": ["t"]}