{"initial_reset_timestamp": 1578387615.5771725, "timestamps": [1578387616.464576, 1578387616.6135662, 1578387616.6225677], "episode_lengths": [17, 11, 13], "episode_rewards": [17.0, 11.0, 13.0], "episode_types": ["t", "t", "t"]}